t,front_dist,vcmd
0.05,2.943,0.0
0.1,2.946,0.0
0.15,2.941,0.0
0.2,2.937,0.0
0.25,2.943,0.0
0.3,2.941,0.0
0.35,2.947,0.0
0.4,2.941,0.0
0.45,2.946,0.0
0.5,2.942,0.0
0.55,2.937,0.0
0.6,2.936,0.0
0.65,2.947,0.0
0.7,2.948,0.0
0.75,2.946,0.0
0.8,2.948,0.0
0.85,2.948,0.0
0.9,2.933,0.0
0.95,2.939,0.0
1.0,2.943,0.0
1.05,2.943,0.0
1.1,2.941,0.0
1.15,2.943,0.0
1.2,2.928,0.0
1.25,2.952,0.0
1.3,2.934,0.0
1.35,2.941,0.0
1.4,2.936,0.0
1.45,2.939,0.0
1.5,2.953,0.0
1.55,2.94,0.0
1.6,2.951,0.0
1.65,2.943,0.0
1.7,2.941,0.0
1.75,2.938,0.0
1.8,2.949,0.0
1.85,2.935,0.0
1.9,2.942,0.0
1.95,2.947,0.0
2.0,2.94,0.0
2.05,2.938,0.0
2.1,2.943,0.0
2.15,2.948,0.0
2.2,2.947,0.0
2.25,2.946,0.0
2.3,2.939,0.0
2.35,2.946,0.0
2.4,2.952,0.0
2.45,2.941,0.0
2.5,2.931,0.0
2.55,2.941,0.236
2.6,2.942,0.265
2.65,2.945,0.293
2.7,2.939,0.323
2.75,2.941,0.352
2.8,2.95,0.381
2.85,2.95,0.398
2.9,2.943,0.415
2.95,2.941,0.429
3.0,2.944,0.439
3.05,2.952,0.449
3.1,2.945,0.456
3.15,2.93,0.454
3.2,2.945,0.462
3.25,2.948,0.469
3.3,2.939,0.473
3.35,2.938,0.477
3.4,2.947,0.48
3.45,2.939,0.483
3.5,2.936,0.485
3.55,2.947,0.487
3.6,2.949,0.489
3.65,2.951,0.491
3.7,2.939,0.492
3.75,2.952,0.498
3.8,2.945,0.498
3.85,2.937,0.499
3.9,2.936,0.499
3.95,2.935,0.499
4.0,2.933,0.499
4.05,2.947,0.499
4.1,2.946,0.499
4.15,2.945,0.499
4.2,2.945,0.499
4.25,2.951,0.5
4.3,2.945,0.5
4.35,2.951,0.5
4.4,2.939,0.454
4.45,2.935,0.46
4.5,2.946,0.465
4.55,2.941,0.471
4.6,2.939,0.476
4.65,2.939,0.48
4.7,2.945,0.483
4.75,2.938,0.486
4.8,2.938,0.488
4.85,2.932,0.489
4.9,2.943,0.491
4.95,2.935,0.492
5.0,2.946,0.493
5.05,2.945,0.421
5.1,2.946,0.432
5.15,2.946,0.443
5.2,2.951,0.452
5.25,2.948,0.46
5.3,2.942,0.466
5.35,2.947,0.472
5.4,2.95,0.476
5.45,2.943,0.479
5.5,2.939,0.482
5.55,2.947,0.485
5.6,2.943,0.486
5.65,2.942,0.488
5.7,2.943,0.459
5.75,2.947,0.465
5.8,2.944,0.471
5.85,2.951,0.475
5.9,2.949,0.479
5.95,2.943,0.483
6.0,2.949,0.485
6.05,2.947,0.487
6.1,2.951,0.489
6.15,2.939,0.491
6.2,2.945,0.492
6.25,2.935,0.493
6.3,2.936,0.487
6.35,2.939,0.489
6.4,2.943,0.49
6.45,2.945,0.492
6.5,2.938,0.493
6.55,2.945,0.494
6.6,2.944,0.495
6.65,2.931,0.496
6.7,2.939,0.496
6.75,2.944,0.497
6.8,2.929,0.497
6.85,2.934,0.498
6.9,2.946,0.498
6.95,2.949,0.497
7.0,2.943,0.497
7.05,2.949,0.498
7.1,2.944,0.498
7.15,2.94,0.498
7.2,2.944,0.499
7.25,2.947,0.499
7.3,2.939,0.499
7.35,2.933,0.499
7.4,2.943,0.499
7.45,2.941,0.499
7.5,2.945,0.499
7.55,2.935,0.462
7.6,2.947,0.466
7.65,2.946,0.471
7.7,2.947,0.476
7.75,2.935,0.479
7.8,2.948,0.483
7.85,2.938,0.485
7.9,2.942,0.487
7.95,2.95,0.489
8.0,2.94,0.49
8.05,2.942,0.492
8.1,2.937,0.493
8.15,2.943,0.494
8.2,2.946,0.434
8.25,2.944,0.439
8.3,2.937,0.448
8.35,2.94,0.455
8.4,2.946,0.461
8.45,2.941,0.466
8.5,2.93,0.472
8.55,2.948,0.476
8.6,2.95,0.479
8.65,2.935,0.482
8.7,2.947,0.484
8.75,2.939,0.486
8.8,2.949,0.488
8.85,2.944,0.499
8.9,2.941,0.499
8.95,2.938,0.499
9.0,2.947,0.499
9.05,2.935,0.499
9.1,2.943,0.5
9.15,2.945,0.5
9.2,2.942,0.5
9.25,2.948,0.5
9.3,2.936,0.5
9.35,2.944,0.5
9.4,2.934,0.5
9.45,2.939,0.5
9.5,2.946,0.499
9.55,2.947,0.499
9.6,2.949,0.499
9.65,2.939,0.5
9.7,2.935,0.5
9.75,2.949,0.5
9.8,2.946,0.5
9.85,2.945,0.5
9.9,2.949,0.5
9.95,2.953,0.5
10.0,2.931,0.5
10.05,2.939,0.5
10.1,2.938,0.499
10.15,2.946,0.499
10.2,2.945,0.499
10.25,2.948,0.499
10.3,2.937,0.5
10.35,2.943,0.5
10.4,2.953,0.5
10.45,2.945,0.5
10.5,2.936,0.5
10.55,2.943,0.5
10.6,2.939,0.5
10.65,2.929,0.5
10.7,2.949,0.5
10.75,2.951,0.444
10.8,2.936,0.452
10.85,2.945,0.46
10.9,2.944,0.465
10.95,2.953,0.471
11.0,2.943,0.475
11.05,2.943,0.479
11.1,2.933,0.482
11.15,2.937,0.484
11.2,2.949,0.486
11.25,2.95,0.488
11.3,2.951,0.49
11.35,2.943,0.435
11.4,2.941,0.445
11.45,2.934,0.454
11.5,2.931,0.462
11.55,2.948,0.468
11.6,2.946,0.474
11.65,2.92,0.478
11.7,2.944,0.482
11.75,2.947,0.485
11.8,2.945,0.487
11.85,2.942,0.489
11.9,2.947,0.491
11.95,2.945,0.496
12.0,2.95,0.497
12.05,2.933,0.498
12.1,2.952,0.498
12.15,2.932,0.498
12.2,2.932,0.499
12.25,2.942,0.499
12.3,2.941,0.499
12.35,2.938,0.499
12.4,2.956,0.499
12.45,2.935,0.499
12.5,2.941,0.499
12.55,2.947,0.499
12.6,2.941,0.5
12.65,2.948,0.5
12.7,2.936,0.5
12.75,2.942,0.5
12.8,2.944,0.5
12.85,2.939,0.5
12.9,2.948,0.5
12.95,2.944,0.5
13.0,2.94,0.5
13.05,2.936,0.5
13.1,2.945,0.5
13.15,2.951,0.5
13.2,2.945,0.499
13.25,2.94,0.499
13.3,2.94,0.499
13.35,2.935,0.499
13.4,2.945,0.499
13.45,2.944,0.499
13.5,2.936,0.5
13.55,2.94,0.5
13.6,2.941,0.5
13.65,2.94,0.5
13.7,2.934,0.5
13.75,2.951,0.5
13.8,2.947,0.444
13.85,2.946,0.451
13.9,2.94,0.46
13.95,2.943,0.467
14.0,2.94,0.472
14.05,2.931,0.476
14.1,2.942,0.479
14.15,2.944,0.482
14.2,2.946,0.485
14.25,2.942,0.486
14.3,2.938,0.488
14.35,2.951,0.49
14.4,2.948,0.491
14.45,2.952,0.434
14.5,2.95,0.444
14.55,2.94,0.452
14.6,2.935,0.459
14.65,2.949,0.466
14.7,2.948,0.472
14.75,2.939,0.477
14.8,2.949,0.481
14.85,2.935,0.484
14.9,2.936,0.486
14.95,2.934,0.488
15.0,2.938,0.49
15.05,2.942,0.492
15.1,2.94,0.497
15.15,2.952,0.498
15.2,2.94,0.498
15.25,2.938,0.498
15.3,2.941,0.499
15.35,2.936,0.499
15.4,2.942,0.499
15.45,2.95,0.499
15.5,2.947,0.499
15.55,2.945,0.499
15.6,2.927,0.499
15.65,2.945,0.5
15.7,2.936,0.5
15.75,2.945,0.499
15.8,2.949,0.499
15.85,2.944,0.499
15.9,2.947,0.499
15.95,2.935,0.5
16.0,2.943,0.5
16.05,2.941,0.5
16.1,2.951,0.5
16.15,2.919,0.5
16.2,2.942,0.5
16.25,2.946,0.5
16.3,2.947,0.5
16.35,2.925,0.499
16.4,2.939,0.499
16.45,2.947,0.499
16.5,2.946,0.499
16.55,2.939,0.499
16.6,2.931,0.499
16.65,2.943,0.499
16.7,2.947,0.5
16.75,2.938,0.5
16.8,2.943,0.5
16.85,2.944,0.5
16.9,2.936,0.5
16.95,2.941,0.5
17.0,2.947,0.436
17.05,2.943,0.443
17.1,2.94,0.453
17.15,2.936,0.46
17.2,2.947,0.467
17.25,2.941,0.472
17.3,2.943,0.475
17.35,2.94,0.478
17.4,2.953,0.481
17.45,2.948,0.483
17.5,2.944,0.486
17.55,2.944,0.487
17.6,2.933,0.488
17.65,2.949,0.418
17.7,2.948,0.428
17.75,2.94,0.442
17.8,2.945,0.452
17.85,2.943,0.46
17.9,2.928,0.465
17.95,2.942,0.472
18.0,2.941,0.477
18.05,2.942,0.481
18.1,2.944,0.483
18.15,2.938,0.486
18.2,2.934,0.488
18.25,2.937,0.496
18.3,2.936,0.497
18.35,2.94,0.497
18.4,2.937,0.498
18.45,2.947,0.498
18.5,2.944,0.498
18.55,2.929,0.499
18.6,2.949,0.499
18.65,2.931,0.499
18.7,2.933,0.499
18.75,2.947,0.499
18.8,2.942,0.499
18.85,2.941,0.499
18.9,2.952,0.498
18.95,2.947,0.498
19.0,2.947,0.499
19.05,2.94,0.499
19.1,2.942,0.499
19.15,2.941,0.499
19.2,2.939,0.499
19.25,2.938,0.499
19.3,2.943,0.5
19.35,2.938,0.5
19.4,2.941,0.5
19.45,2.941,0.5
19.5,2.948,0.5
19.55,2.944,0.438
19.6,2.942,0.447
19.65,2.941,0.456
19.7,2.948,0.463
19.75,2.933,0.469
19.8,2.952,0.474
19.85,2.947,0.478
19.9,2.94,0.481
19.95,2.944,0.484
20.0,2.944,0.486
20.05,2.938,0.488
20.1,2.936,0.489
20.15,2.932,0.442
20.2,2.942,0.449
20.25,2.94,0.457
20.3,2.942,0.464
20.35,2.941,0.469
20.4,2.939,0.472
20.45,2.952,0.476
20.5,2.938,0.48
20.55,2.941,0.483
20.6,2.952,0.485
20.65,2.94,0.487
20.7,2.94,0.489
20.75,2.949,0.49
20.8,2.949,0.135
20.85,2.935,0.159
20.9,2.943,0.198
20.95,2.946,0.234
21.0,2.928,0.272
21.05,2.945,0.303
21.1,2.946,0.333
21.15,2.939,0.359
21.2,2.943,0.386
21.25,2.935,0.408
21.3,2.94,0.42
21.35,2.942,0.431
21.4,2.939,0.405
21.45,2.933,0.419
21.5,2.952,0.43
21.55,2.939,0.441
21.6,2.942,0.451
21.65,2.948,0.459
21.7,2.941,0.465
21.75,2.943,0.47
21.8,2.946,0.474
21.85,2.947,0.477
21.9,2.939,0.481
21.95,2.938,0.483
22.0,2.947,0.488
22.05,2.943,0.49
22.1,2.942,0.492
22.15,2.941,0.493
22.2,2.953,0.494
22.25,2.945,0.495
22.3,2.938,0.496
22.35,2.945,0.496
22.4,2.935,0.497
22.45,2.945,0.497
22.5,2.945,0.498
22.55,2.939,0.498
22.6,2.945,0.498
22.65,2.946,0.5
22.7,2.951,0.5
22.75,2.942,0.5
22.8,2.941,0.5
22.85,2.946,0.5
22.9,2.938,0.5
22.95,2.951,0.5
23.0,2.942,0.5
23.05,2.94,0.5
23.1,2.942,0.5
23.15,2.943,0.5
23.2,2.942,0.5
23.25,2.953,0.5
23.3,2.944,0.337
23.35,2.944,0.36
23.4,2.938,0.381
23.45,2.94,0.402
23.5,2.942,0.422
23.55,2.937,0.433
23.6,2.947,0.445
23.65,2.942,0.455
23.7,2.944,0.464
23.75,2.945,0.469
23.8,2.933,0.473
23.85,2.941,0.478
23.9,2.951,0.35
23.95,2.95,0.366
24.0,2.936,0.393
24.05,2.946,0.411
24.1,2.946,0.427
24.15,2.935,0.441
24.2,2.93,0.45
24.25,2.934,0.457
24.3,2.934,0.464
24.35,2.947,0.47
24.4,2.935,0.474
24.45,2.938,0.477
24.5,2.948,0.391
24.55,2.949,0.407
24.6,2.937,0.423
24.65,2.941,0.436
24.7,2.944,0.448
24.75,2.947,0.457
24.8,2.94,0.463
24.85,2.942,0.47
24.9,2.943,0.474
24.95,2.931,0.478
25.0,2.941,0.481
25.05,2.949,0.483
25.1,2.943,0.441
25.15,2.946,0.448
25.2,2.949,0.456
25.25,2.947,0.463
25.3,2.942,0.468
25.35,2.944,0.473
25.4,2.949,0.476
25.45,2.948,0.479
25.5,2.943,0.482
25.55,2.948,0.484
25.6,2.936,0.486
25.65,2.934,0.487
25.7,2.939,0.488
25.75,2.948,0.496
25.8,2.94,0.497
25.85,2.955,0.498
25.9,2.941,0.498
25.95,2.94,0.498
26.0,2.939,0.499
26.05,2.945,0.499
26.1,2.938,0.499
26.15,2.944,0.499
26.2,2.932,0.499
26.25,2.946,0.499
26.3,2.933,0.499
26.35,2.943,0.5
26.4,2.945,0.5
26.45,2.941,0.5
26.5,2.935,0.5
26.55,2.946,0.5
26.6,2.944,0.5
26.65,2.948,0.5
26.7,2.942,0.5
26.75,2.933,0.5
26.8,2.948,0.5
26.85,2.932,0.5
26.9,2.938,0.5
26.95,2.94,0.5
27.0,2.947,0.5
27.05,2.946,0.5
27.1,2.952,0.5
27.15,2.942,0.5
27.2,2.933,0.5
27.25,2.949,0.5
27.3,2.946,0.5
27.35,2.935,0.5
27.4,2.947,0.5
27.45,2.941,0.5
27.5,2.937,0.5
27.55,2.943,0.5
27.6,2.943,0.5
27.65,2.944,0.5
27.7,2.954,0.5
27.75,2.948,0.5
27.8,2.947,0.5
27.85,2.946,0.5
27.9,2.934,0.5
27.95,2.943,0.5
28.0,2.942,0.5
28.05,2.938,0.5
28.1,2.946,0.5
28.15,2.943,0.5
28.2,2.947,0.5
28.25,2.926,0.5
28.3,2.941,0.5
28.35,2.942,0.5
28.4,2.949,0.5
28.45,2.945,0.5
28.5,2.943,0.5
28.55,2.946,0.5
28.6,2.938,0.5
28.65,2.947,0.5
28.7,2.944,0.5
28.75,2.941,0.5
28.8,2.937,0.5
28.85,2.947,0.5
28.9,2.951,0.5
28.95,2.939,0.5
29.0,2.952,0.5
29.05,2.945,0.5
29.1,2.949,0.5
29.15,2.943,0.5
29.2,2.945,0.5
29.25,2.946,0.5
29.3,2.943,0.5
29.35,2.935,0.5
29.4,2.944,0.5
29.45,2.943,0.5
29.5,2.945,0.498
29.55,2.949,0.498
29.6,2.948,0.498
29.65,2.934,0.498
29.7,2.936,0.499
29.75,2.948,0.499
29.8,2.944,0.499
29.85,2.935,0.499
29.9,2.937,0.499
29.95,2.947,0.499
30.0,2.927,0.499
30.05,2.942,0.5
30.1,2.947,0.5
30.15,2.945,0.5
30.2,2.942,0.5
30.25,2.936,0.5
30.3,2.943,0.5
30.35,2.94,0.5
30.4,2.945,0.5
30.45,2.946,0.5
30.5,2.943,0.5
30.55,2.938,0.5
30.6,2.943,0.5
30.65,2.946,0.5
30.7,2.943,0.5
30.75,2.946,0.5
30.8,2.941,0.435
30.85,2.943,0.442
30.9,2.946,0.452
30.95,2.939,0.46
31.0,2.949,0.466
31.05,2.935,0.471
31.1,2.941,0.475
31.15,2.945,0.478
31.2,2.944,0.481
31.25,2.942,0.483
31.3,2.944,0.485
31.35,2.942,0.487
31.4,2.937,0.452
31.45,2.941,0.456
31.5,2.944,0.463
31.55,2.94,0.47
31.6,2.945,0.475
31.65,2.946,0.479
31.7,2.949,0.482
31.75,2.935,0.485
31.8,2.947,0.487
31.85,2.945,0.489
31.9,2.936,0.49
31.95,2.944,0.492
32.0,2.943,0.492
32.05,2.951,0.449
32.1,2.947,0.457
32.15,2.943,0.464
32.2,2.948,0.469
32.25,2.948,0.474
32.3,2.937,0.478
32.35,2.938,0.482
32.4,2.931,0.483
32.45,2.938,0.486
32.5,2.938,0.488
32.55,2.936,0.49
32.6,2.933,0.491
32.65,2.938,0.492
32.7,2.939,0.429
32.75,2.942,0.439
32.8,2.944,0.451
32.85,2.943,0.457
32.9,2.944,0.465
32.95,2.944,0.47
33.0,2.938,0.474
33.05,2.946,0.478
33.1,2.945,0.481
33.15,2.938,0.484
33.2,2.946,0.486
33.25,2.941,0.488
33.3,2.949,0.464
33.35,2.944,0.47
33.4,2.936,0.474
33.45,2.945,0.478
33.5,2.945,0.481
33.55,2.939,0.484
33.6,2.949,0.486
33.65,2.946,0.488
33.7,2.937,0.49
33.75,2.947,0.492
33.8,2.941,0.493
33.85,2.941,0.494
33.9,2.939,0.495
33.95,2.945,0.489
34.0,2.951,0.49
34.05,2.946,0.492
34.1,2.935,0.493
34.15,2.937,0.494
34.2,2.945,0.495
34.25,2.938,0.496
34.3,2.943,0.496
34.35,2.94,0.497
34.4,2.941,0.497
34.45,2.938,0.498
34.5,2.946,0.498
34.55,2.943,0.247
34.6,2.943,0.274
34.65,2.947,0.31
34.7,2.942,0.334
34.75,2.938,0.361
34.8,2.948,0.387
34.85,2.946,0.406
34.9,2.948,0.419
34.95,2.941,0.433
35.0,2.939,0.442
35.05,2.951,0.451
35.1,2.941,0.458
35.15,2.934,0.465
35.2,2.942,0.253
35.25,2.943,0.269
35.3,2.932,0.301
35.35,2.937,0.332
35.4,2.941,0.36
35.45,2.937,0.381
35.5,2.945,0.402
35.55,2.946,0.419
35.6,2.938,0.433
35.65,2.941,0.443
35.7,2.933,0.453
35.75,2.929,0.462
35.8,2.943,0.468
35.85,2.943,0.495
35.9,2.937,0.495
35.95,2.944,0.496
36.0,2.945,0.497
36.05,2.944,0.497
36.1,2.945,0.498
36.15,2.947,0.498
36.2,2.936,0.498
36.25,2.946,0.498
36.3,2.94,0.499
36.35,2.939,0.499
36.4,2.935,0.499
36.45,2.945,0.499
36.5,2.943,0.449
36.55,2.949,0.456
36.6,2.943,0.463
36.65,2.942,0.469
36.7,2.944,0.474
36.75,2.93,0.477
36.8,2.949,0.481
36.85,2.939,0.484
36.9,2.943,0.486
36.95,2.938,0.488
37.0,2.944,0.489
37.05,2.944,0.49
37.1,2.94,0.492
37.15,2.945,0.275
37.2,2.941,0.305
37.25,2.947,0.335
37.3,2.947,0.367
37.35,2.935,0.39
37.4,2.942,0.407
37.45,2.943,0.421
37.5,1.354,0.434
37.55,1.293,0.447
37.6,1.209,0.456
37.65,1.17,0.463
37.7,1.133,0.469
37.75,1.065,0.475
37.8,1.033,0.482
37.85,1.01,0.484
37.9,0.985,0.486
37.95,0.96,0.488
38.0,0.924,0.49
38.05,0.903,0.492
38.1,0.886,0.493
38.15,0.866,0.494
38.2,0.845,0.495
38.25,0.81,0.495
38.3,0.791,0.496
38.35,0.77,0.497
38.4,0.755,0.497
38.45,0.743,0.498
38.5,0.729,0.498
38.55,0.717,0.499
38.6,0.698,0.499
38.65,0.687,0.499
38.7,0.683,0.499
38.75,0.675,0.499
38.8,0.672,0.499
38.85,0.666,0.499
38.9,0.667,0.499
38.95,0.663,0.5
39.0,0.667,0.5
39.05,0.665,0.462
39.1,0.668,0.467
39.15,0.67,0.472
39.2,0.669,0.478
39.25,0.667,0.481
39.3,0.662,0.484
39.35,0.678,0.487
39.4,0.723,0.489
39.45,2.939,0.49
39.5,2.943,0.492
39.55,2.944,0.493
39.6,2.946,0.494
39.65,2.941,0.495
39.7,2.928,0.499
39.75,2.943,0.499
39.8,2.949,0.5
39.85,2.943,0.5
39.9,2.938,0.5
39.95,2.946,0.5
40.0,2.937,0.5
40.05,2.933,0.5
40.1,2.934,0.5
40.15,2.943,0.5
40.2,2.944,0.5
40.25,2.94,0.5
40.3,2.946,0.5
40.35,2.936,0.492
40.4,2.937,0.493
40.45,2.934,0.494
40.5,2.944,0.495
40.55,2.935,0.496
40.6,2.947,0.496
40.65,2.941,0.497
40.7,2.93,0.497
40.75,2.945,0.498
40.8,2.95,0.498
40.85,2.938,0.498
40.9,2.938,0.498
40.95,2.94,0.455
41.0,2.946,0.463
41.05,2.928,0.469
41.1,2.936,0.475
41.15,2.943,0.479
41.2,2.938,0.483
41.25,2.938,0.486
41.3,2.952,0.488
41.35,2.933,0.49
41.4,2.946,0.492
41.45,2.943,0.493
41.5,2.95,0.494
41.55,2.944,0.491
41.6,2.945,0.493
41.65,2.944,0.494
41.7,2.947,0.495
41.75,2.941,0.496
41.8,2.948,0.496
41.85,2.947,0.497
41.9,2.931,0.497
41.95,2.951,0.498
42.0,2.938,0.498
42.05,2.94,0.498
42.1,2.947,0.498
42.15,2.938,0.498
42.2,2.941,0.489
42.25,2.945,0.49
42.3,2.942,0.491
42.35,2.947,0.493
42.4,2.949,0.494
42.45,2.948,0.495
42.5,2.947,0.496
42.55,2.947,0.496
42.6,2.946,0.497
42.65,2.946,0.497
42.7,2.935,0.497
42.75,2.944,0.498
42.8,2.946,0.498
42.85,2.942,0.486
42.9,2.944,0.488
42.95,2.951,0.489
43.0,2.94,0.491
43.05,2.942,0.492
43.1,2.949,0.494
43.15,2.946,0.495
43.2,2.947,0.496
43.25,2.941,0.496
43.3,2.949,0.497
43.35,2.94,0.497
43.4,2.936,0.497
43.45,2.943,0.498
43.5,2.948,0.432
43.55,2.934,0.439
43.6,2.933,0.449
43.65,2.939,0.458
43.7,2.945,0.464
43.75,2.935,0.47
43.8,2.942,0.473
43.85,2.942,0.478
43.9,2.941,0.481
43.95,2.948,0.484
44.0,2.942,0.486
44.05,2.948,0.487
44.1,2.94,0.498
44.15,2.947,0.499
44.2,2.944,0.499
44.25,2.941,0.499
44.3,2.946,0.499
44.35,2.946,0.499
44.4,2.936,0.499
44.45,2.939,0.5
44.5,2.948,0.5
44.55,2.949,0.5
44.6,2.95,0.5
44.65,2.942,0.5
44.7,2.943,0.5
44.75,2.947,0.5
44.8,2.941,0.5
44.85,2.936,0.5
44.9,2.939,0.5
44.95,2.939,0.5
45.0,2.943,0.5
45.05,2.941,0.5
45.1,2.943,0.5
45.15,2.943,0.5
45.2,2.941,0.5
45.25,2.941,0.5
45.3,2.942,0.5
45.35,2.941,0.431
45.4,2.943,0.437
45.45,2.946,0.446
45.5,2.95,0.454
45.55,2.95,0.462
45.6,2.948,0.466
45.65,2.947,0.471
45.7,2.941,0.474
45.75,1.3,0.478
45.8,1.207,0.481
45.85,1.172,0.483
45.9,1.137,0.485
45.95,1.071,0.44
46.0,1.039,0.448
46.05,1.007,0.458
46.1,0.988,0.465
46.15,0.969,0.47
46.2,0.948,0.475
46.25,0.908,0.479
46.3,0.888,0.483
46.35,0.868,0.485
46.4,0.844,0.487
46.45,0.829,0.489
46.5,0.809,0.491
46.55,0.777,0.492
46.6,0.757,0.498
46.65,0.745,0.498
46.7,0.727,0.499
46.75,0.719,0.499
46.8,0.697,0.499
46.85,0.686,0.499
46.9,0.683,0.499
46.95,0.676,0.499
47.0,0.674,0.499
47.05,0.669,0.5
47.1,0.667,0.5
47.15,0.665,0.5
47.2,0.664,0.5
47.25,0.667,0.498
47.3,0.669,0.499
47.35,0.677,0.499
47.4,0.67,0.499
47.45,0.665,0.499
47.5,0.665,0.499
47.55,0.661,0.499
47.6,0.666,0.5
47.65,2.941,0.5
47.7,2.941,0.5
47.75,2.942,0.5
47.8,2.947,0.5
47.85,2.945,0.5
47.9,2.949,0.441
47.95,2.936,0.448
48.0,2.937,0.456
48.05,2.937,0.463
48.1,2.942,0.468
48.15,2.947,0.473
48.2,2.944,0.477
48.25,2.942,0.481
48.3,2.949,0.484
48.35,2.947,0.485
48.4,2.941,0.487
48.45,2.941,0.489
48.5,2.948,0.445
48.55,2.943,0.453
48.6,2.945,0.46
48.65,2.942,0.465
48.7,2.946,0.471
48.75,2.946,0.475
48.8,2.934,0.479
48.85,2.942,0.482
48.9,2.942,0.484
48.95,2.945,0.487
49.0,2.948,0.488
49.05,2.946,0.49
49.1,2.946,0.491
49.15,2.942,0.495
49.2,2.952,0.495
49.25,2.935,0.496
49.3,2.943,0.497
49.35,2.943,0.497
49.4,2.937,0.498
49.45,2.945,0.498
49.5,2.937,0.498
49.55,2.949,0.499
49.6,2.944,0.499
49.65,2.942,0.499
49.7,2.944,0.499
49.75,2.947,0.499
49.8,2.95,0.062
49.85,2.951,0.096
49.9,2.953,0.138
49.95,2.945,0.178
50.0,2.947,0.22
50.05,2.95,0.255
50.1,2.937,0.282
50.15,2.942,0.313
50.2,2.944,0.341
50.25,2.94,0.37
50.3,2.951,0.394
50.35,2.944,0.409
50.4,2.945,0.407
50.45,2.943,0.42
50.5,2.946,0.435
50.55,2.94,0.446
50.6,2.948,0.455
50.65,2.948,0.463
50.7,2.944,0.468
50.75,2.948,0.472
50.8,2.942,0.476
50.85,2.947,0.479
50.9,2.944,0.483
50.95,2.941,0.485
51.0,2.934,0.487
51.05,2.943,0.498
51.1,2.946,0.498
51.15,2.943,0.498
51.2,2.949,0.499
51.25,2.943,0.499
51.3,2.945,0.499
51.35,2.947,0.499
51.4,2.943,0.499
51.45,2.943,0.499
51.5,2.947,0.5
51.55,2.935,0.5
51.6,2.942,0.5
51.65,2.943,0.5
51.7,2.945,0.5
51.75,2.949,0.5
51.8,2.942,0.5
51.85,2.948,0.5
51.9,2.942,0.5
51.95,2.941,0.5
52.0,2.942,0.5
52.05,2.945,0.5
52.1,2.932,0.5
52.15,0.671,0.5
52.2,0.662,0.5
52.25,0.662,0.5
52.3,0.665,0.5
52.35,0.668,0.34
52.4,0.672,0.363
52.45,0.667,0.384
52.5,0.668,0.404
52.55,0.664,0.421
52.6,0.667,0.434
52.65,0.666,0.447
52.7,0.668,0.454
52.75,0.671,0.462
52.8,0.676,0.468
52.85,0.683,0.473
52.9,0.688,0.478
52.95,0.698,0.36
53.0,0.703,0.375
53.05,0.714,0.394
53.1,0.726,0.413
53.15,0.751,0.426
53.2,0.769,0.44
53.25,0.785,0.45
53.3,0.804,0.458
53.35,0.822,0.465
53.4,0.836,0.469
53.45,0.86,0.474
53.5,0.877,0.477
53.55,0.92,0.481
53.601,0.939,0.493
53.65,0.959,0.494
53.7,0.979,0.495
53.75,1.025,0.496
53.8,1.059,0.497
53.85,1.096,0.497
53.9,1.128,0.498
53.95,1.158,0.498
54.0,1.267,0.498
54.05,1.344,0.498
54.1,2.916,0.499
54.15,2.946,0.499
54.2,2.956,0.499
54.25,2.953,0.499
54.3,2.944,0.499
54.35,2.948,0.499
54.4,2.937,0.499
54.45,2.941,0.5
54.5,2.934,0.5
54.55,2.945,0.5
54.6,2.953,0.5
54.65,2.941,0.5
54.7,2.95,0.5
54.75,2.942,0.5
54.8,2.951,0.5
54.85,2.937,0.496
54.9,2.95,0.497
54.95,2.943,0.497
55.0,2.942,0.498
55.05,2.939,0.498
55.1,2.939,0.499
55.15,2.949,0.499
55.2,2.936,0.499
55.25,2.94,0.499
55.3,2.943,0.499
55.35,2.947,0.499
55.4,2.929,0.499
55.45,2.948,0.499
55.5,2.941,0.434
55.55,2.946,0.442
55.6,2.943,0.451
55.65,2.946,0.459
55.7,2.948,0.465
55.75,2.944,0.47
55.8,2.942,0.474
55.85,2.947,0.477
55.9,2.942,0.48
55.95,2.943,0.483
56.0,2.939,0.485
56.05,2.938,0.486
56.1,2.948,0.436
56.15,2.95,0.443
56.2,2.943,0.451
56.25,2.94,0.459
56.3,2.943,0.467
56.35,2.941,0.473
56.4,2.934,0.477
56.45,2.951,0.48
56.5,2.936,0.484
56.55,2.942,0.486
56.6,2.94,0.488
56.65,2.936,0.49
56.7,2.936,0.496
56.75,2.944,0.496
56.8,2.951,0.497
56.85,2.945,0.497
56.9,2.949,0.498
56.95,2.945,0.498
57.0,2.938,0.498
57.05,2.941,0.499
57.1,2.927,0.499
57.15,2.939,0.499
57.2,2.951,0.499
57.25,2.937,0.499
57.3,2.943,0.499
57.35,2.951,0.283
57.4,2.944,0.303
57.45,2.946,0.328
57.5,2.948,0.359
57.55,2.944,0.383
57.6,2.942,0.403
57.65,2.945,0.418
57.7,2.935,0.433
57.75,2.942,0.445
57.8,2.937,0.452
57.85,2.942,0.459
57.9,2.944,0.465
57.95,2.95,0.47
58.0,2.944,0.339
58.05,2.944,0.359
58.1,2.934,0.379
58.15,2.946,0.4
58.2,2.94,0.419
58.25,2.95,0.432
58.3,2.935,0.443
58.35,2.945,0.452
58.4,2.941,0.459
58.45,2.935,0.464
58.5,2.947,0.469
58.55,2.95,0.474
58.6,2.935,0.382
58.65,2.956,0.4
58.7,2.944,0.417
58.75,2.948,0.431
58.8,2.945,0.443
58.85,2.934,0.454
58.9,2.941,0.461
58.95,2.943,0.467
59.0,2.939,0.472
59.05,2.94,0.476
59.1,2.946,0.48
59.15,2.957,0.483
59.2,2.932,0.486
59.25,2.933,0.445
59.3,2.94,0.337
59.35,2.938,0.367
59.4,2.939,0.39
59.45,2.941,0.412
59.5,2.938,0.429
59.55,2.93,0.443
59.6,2.939,0.454
59.65,2.946,0.463
59.7,2.943,0.47
59.75,2.945,0.476
59.8,2.933,0.482
59.85,2.931,0.485
59.9,2.947,0.488
59.95,2.941,0.49
60.0,2.949,0.492
60.05,2.938,0.494
60.1,2.94,0.495
60.15,2.947,0.496
60.2,2.944,0.497
60.25,2.929,0.497
60.3,0.726,0.498
60.35,0.68,0.498
60.4,0.66,0.499
60.45,0.663,0.499
60.5,0.665,0.499
60.55,0.674,0.499
60.6,0.671,0.499
60.65,0.667,0.499
60.7,0.664,0.5
60.75,0.668,0.5
60.8,0.666,0.5
60.85,0.666,0.5
60.9,0.669,0.5
60.95,0.672,0.5
61.0,0.678,0.5
61.05,0.681,0.5
61.1,0.696,0.5
61.15,0.704,0.5
61.2,0.713,0.5
61.25,0.723,0.5
61.3,0.748,0.5
61.35,0.768,0.5
61.4,0.784,0.5
61.45,0.802,0.5
61.5,0.815,0.5
61.55,0.838,0.5
61.6,0.856,0.5
61.65,0.877,0.5
61.7,0.914,0.5
61.75,0.937,0.5
61.8,0.953,0.5
61.85,0.977,0.5
61.9,0.996,0.5
61.95,1.053,0.5
62.0,1.091,0.5
62.05,1.118,0.5
62.1,1.156,0.5
62.15,1.186,0.5
62.2,1.246,0.5
62.25,1.332,0.5
62.3,2.946,0.5
62.35,2.944,0.5
